{"auc": [0.453066349029541, 0.5554104447364807, 0.646001935005188, 0.6550632119178772, 0.6693638563156128, 0.6837062835693359, 0.7049291133880615, 0.5002527236938477, 0.7306631207466125, 0.6928260326385498, 0.6660100221633911, 0.6516498923301697, 0.6621091365814209, 0.6770766973495483, 0.6682561635971069, 0.5613147020339966, 0.5828357338905334, 0.6119500398635864, 0.7290036082267761, 0.5478661060333252, 0.45196396112442017, 0.6295552849769592, 0.735387921333313, 0.49499693512916565, 0.4687918722629547, 0.6665290594100952, 0.6936216354370117, 0.7146539092063904, 0.7144715785980225, 0.7316769957542419], "categorical_accuracy": [0.27063295245170593, 0.4210161566734314, 0.5476531386375427, 0.5523446798324585, 0.568618893623352, 0.5864109992980957, 0.6133475303649902, 0.33537712693214417, 0.643702507019043, 0.5939030051231384, 0.5581902861595154, 0.538367509841919, 0.5517200231552124, 0.5716131329536438, 0.5588747262954712, 0.4162321388721466, 0.4448094964027405, 0.4837423861026764, 0.6396455764770508, 0.3977677524089813, 0.26921144127845764, 0.5068352222442627, 0.6477456092834473, 0.326856791973114, 0.29178813099861145, 0.5559043288230896, 0.5919996500015259, 0.6200171709060669, 0.6197203397750854, 0.6424509882926941], "categorical_crossentropy": [4.876582739065383e+27, 4.508539499412739e+27, 5.060606572500994e+27, 4.5085406800043595e+27, 5.336639518749311e+27, 4.232507143460232e+27, 4.324517732012464e+27, 4.5085409751522647e+27, 5.336639518749311e+27, 4.6005509734086865e+27, 5.060606572500994e+27, 4.2325068483123267e+27, 4.6925615619609186e+27, 5.336639518749311e+27, 5.060605982205184e+27, 4.1404962597600945e+27, 5.428648926709923e+27, 4.5085406800043595e+27, 4.600551858852402e+27, 5.060605391909373e+27, 3.680440365519882e+27, 4.876584805100719e+27, 4.6925627425525393e+27, 5.33663833815769e+27, 3.772452134663735e+27, 4.600551858852402e+27, 4.600551858852402e+27, 4.232507733756042e+27, 4.232507733756042e+27, 5.060606572500994e+27], "f1_score": [0.3340913653373718, 0.4805186092853546, 0.5683732032775879, 0.5710241198539734, 0.5805408358573914, 0.5907442569732666, 0.6053988337516785, 0.40425747632980347, 0.6208261251449585, 0.5959277749061584, 0.5815438628196716, 0.5675727128982544, 0.5727728009223938, 0.590488851070404, 0.5859758257865906, 0.4764283001422882, 0.49887794256210327, 0.5267972946166992, 0.617895245552063, 0.46111613512039185, 0.33175012469291687, 0.5421964526176453, 0.6221343278884888, 0.3949283957481384, 0.3583565056324005, 0.5727960467338562, 0.5931622385978699, 0.6079443693161011, 0.6076995134353638, 0.6203548908233643], "loss": [4.876582739065383e+27, 4.508539499412739e+27, 5.060606572500994e+27, 4.5085406800043595e+27, 5.336639518749311e+27, 4.232507143460232e+27, 4.324517732012464e+27, 4.5085409751522647e+27, 5.336639518749311e+27, 4.6005509734086865e+27, 5.060606572500994e+27, 4.2325068483123267e+27, 4.6925615619609186e+27, 5.336639518749311e+27, 5.060605982205184e+27, 4.1404962597600945e+27, 5.428648926709923e+27, 4.5085406800043595e+27, 4.600551858852402e+27, 5.060605391909373e+27, 3.680440365519882e+27, 4.876584805100719e+27, 4.6925627425525393e+27, 5.33663833815769e+27, 3.772452134663735e+27, 4.600551858852402e+27, 4.600551858852402e+27, 4.232507733756042e+27, 4.232507733756042e+27, 5.060606572500994e+27], "precision_1": [0.2706953287124634, 0.40151476860046387, 0.5215103030204773, 0.5359929203987122, 0.5559007525444031, 0.5754328966140747, 0.604236364364624, 0.33288896083831787, 0.6399085521697998, 0.5890308022499084, 0.5531167984008789, 0.5341834425926208, 0.548397958278656, 0.5682386159896851, 0.5567933917045593, 0.4144449532032013, 0.4431731104850769, 0.4820686876773834, 0.6382571458816528, 0.3967185318470001, 0.2692486047744751, 0.5057576298713684, 0.647003173828125, 0.3265496790409088, 0.2916819453239441, 0.5551743507385254, 0.5913106203079224, 0.6193733811378479, 0.6191315650939941, 0.6421336531639099], "recall_1": [0.27061301469802856, 0.38220012187957764, 0.47307175397872925, 0.503081202507019, 0.5276387333869934, 0.5481127500534058, 0.5770805478096008, 0.3311723470687866, 0.6257453560829163, 0.5752702355384827, 0.5413683652877808, 0.5252575278282166, 0.5406230092048645, 0.5593072175979614, 0.5514918565750122, 0.41227930784225464, 0.44083231687545776, 0.4795171022415161, 0.6324892044067383, 0.3953494429588318, 0.2692031264305115, 0.5040004253387451, 0.6441006660461426, 0.326311320066452, 0.2916131317615509, 0.5536482334136963, 0.5895348191261292, 0.6173823475837708, 0.6171995997428894, 0.640785276889801], "val_auc": [0.458097368478775, 0.7439624071121216, 0.46015673875808716, 0.7513598203659058, 0.7528930306434631, 0.7538576722145081, 0.45997557044029236, 0.756363034248352, 0.7565608024597168, 0.7568671703338623, 0.45994654297828674, 0.459947407245636, 0.703281044960022, 0.7078897356987, 0.4599442780017853, 0.7582946419715881, 0.46009719371795654, 0.7586839199066162, 0.7586895823478699, 0.4600904881954193, 0.4601919949054718, 0.7591260075569153, 0.8071085810661316, 0.4601927697658539, 0.7593205571174622, 0.7593352794647217, 0.7593486905097961, 0.7593545913696289, 0.7593490481376648, 0.8071085810661316], "val_categorical_accuracy": [0.2774631083011627, 0.6795975565910339, 0.28011900186538696, 0.6795399785041809, 0.6794580221176147, 0.6792830228805542, 0.2796139419078827, 0.679469108581543, 0.6791235208511353, 0.6789219379425049, 0.27952978014945984, 0.2795342206954956, 0.6071090698242188, 0.6127132177352905, 0.2795253396034241, 0.6791766881942749, 0.2799484431743622, 0.679380476474762, 0.6790304780006409, 0.2799285054206848, 0.28020980954170227, 0.6796019673347473, 0.7428115010261536, 0.28020980954170227, 0.6796640157699585, 0.6796507239341736, 0.6796529293060303, 0.6796152591705322, 0.6795399785041809, 0.7428115010261536], "val_categorical_crossentropy": [91754963402752.0, 51338541006848.0, 92477457432576.0, 51338541006848.0, 51338541006848.0, 51338541006848.0, 92477457432576.0, 51338541006848.0, 51338541006848.0, 51338541006848.0, 92477457432576.0, 92477457432576.0, 51338541006848.0, 51338541006848.0, 92477457432576.0, 51338541006848.0, 92477457432576.0, 51338541006848.0, 51338541006848.0, 92477457432576.0, 92477457432576.0, 51338541006848.0, 84159028527104.0, 92477449043968.0, 51338541006848.0, 51338541006848.0, 51338541006848.0, 51338541006848.0, 51338541006848.0, 84159028527104.0], "val_f1_score": [0.33857712149620056, 0.6279600262641907, 0.341469943523407, 0.6272668838500977, 0.6272072196006775, 0.6271882653236389, 0.341564416885376, 0.627231240272522, 0.6273170113563538, 0.6273764371871948, 0.34160417318344116, 0.3415890038013458, 0.6057754755020142, 0.6093312501907349, 0.3416077196598053, 0.6274030208587646, 0.34150776267051697, 0.6273964047431946, 0.6274852156639099, 0.3415035903453827, 0.34146836400032043, 0.6274297833442688, 0.6529679894447327, 0.3414683938026428, 0.6274647116661072, 0.6274651288986206, 0.6274637579917908, 0.6274653077125549, 0.627461314201355, 0.6529679894447327], "val_loss": [91754963402752.0, 51338541006848.0, 92477457432576.0, 51338541006848.0, 51338541006848.0, 51338541006848.0, 92477457432576.0, 51338541006848.0, 51338541006848.0, 51338541006848.0, 92477457432576.0, 92477457432576.0, 51338541006848.0, 51338541006848.0, 92477457432576.0, 51338541006848.0, 92477457432576.0, 51338541006848.0, 51338541006848.0, 92477457432576.0, 92477457432576.0, 51338541006848.0, 84159028527104.0, 92477449043968.0, 51338541006848.0, 51338541006848.0, 51338541006848.0, 51338541006848.0, 51338541006848.0, 84159028527104.0],