{"auc": [0.5571717023849487, 0.6685333251953125, 0.6489658355712891, 0.5414600372314453, 0.6190716624259949, 0.5930500030517578, 0.7264403104782104, 0.6212260127067566, 0.49374449253082275, 0.6868893504142761, 0.7062286734580994, 0.5882097482681274, 0.6579701900482178, 0.6918010115623474, 0.6336482763290405, 0.6593163013458252, 0.6402163505554199, 0.6656874418258667, 0.5233163833618164, 0.6016726493835449, 0.6373236775398254, 0.4709323048591614, 0.6420990824699402], "categorical_accuracy": [0.40977683663368225, 0.5580435395240784, 0.5319526195526123, 0.38862112164497375, 0.49209824204444885, 0.45740005373954773, 0.6352519392967224, 0.49496734142303467, 0.32499223947525024, 0.5825191140174866, 0.6083043813705444, 0.45094528794288635, 0.5439594388008118, 0.5890657901763916, 0.5115295052528381, 0.5457542538642883, 0.5202885270118713, 0.554249107837677, 0.36442187428474426, 0.46889689564704895, 0.5164315104484558, 0.29457637667655945, 0.5227987766265869], "categorical_crossentropy": [2.9903581061523347e+29, 2.9903579172576754e+29, 2.8523414677453492e+29, 3.266391005176987e+29, 3.22038608869019e+29, 2.8063363623638925e+29, 3.174380038835436e+29, 2.484297602379146e+29, 2.3462809639721605e+29, 2.9903581061523347e+29, 2.6683195350622476e+29, 3.450412937860089e+29, 2.3922862582482766e+29, 2.8983475176001026e+29, 3.174380416624755e+29, 2.7143248293383637e+29, 2.8523414677453492e+29, 2.7143252071276823e+29, 2.4842977912738053e+29, 2.6683199128515663e+29, 3.680441298187262e+29, 2.8063363623638925e+29, 3.0363639671124288e+29], "f1_score": [